[{
	"ID": "136730",
	"ContractReference": "7322857525",
	"CustomerName": "PUREGOLD - HABAY(304)",
	"Industry": "Electronics",
	"Country": "PH",
	"Address": "KM.18 AGUINALDO HIGHWAY, BRGY.HABAY",
	"FirstName": "John",
	"LastName": "DiRovello",
	"Password": "4321"
}, {
	"ID": "140360",
	"ContractReference": "7322857524",
	"CustomerName": "VALUE CHAIN SOLUTIONS, INC.",
	"Industry": "Electronics",
	"Country": "PH",
	"Address": "#1 FRIENDSHIP HIWAY BRGY. CUTCUT",
	"FirstName": "",
	"LastName": "",
	"Password": "1234"
}]