[{
	"ID": "732285752500010",
	"OpenQty": 20,
	"DeliveredQty": "10",
	"UoM": "PCK",
	"Batch": "80423AA102",
	"___FK_a8633b753a46c2670fda76b1_00029": "7322857525",
	"___FK_a8633b753a46c2670fda76b1_00031": "5011200208420",
	"WithDifferences": 1,
	"LineItem": 10,
	"Delivery": "7322857525",
	"Status": "Open",
	"DUoM": "PCK",
	"Diff": "",
	"Reason": "Damage"
}, {
	"ID": "732285752500020",
	"OpenQty": 40,
	"DeliveredQty": "0",
	"UoM": "PCK",
	"Batch": "80423AA101",
	"___FK_a8633b753a46c2670fda76b1_00029": "7322857525",
	"___FK_a8633b753a46c2670fda76b1_00031": "5011200208360",
	"WithDifferences": 0,
	"LineItem": 20,
	"Delivery": "7322857525",
	"Status": "Open",
	"DUoM": "PCK",
	"Diff": "",
	"Reason": ""
}, {
	"ID": "732285752500030",
	"OpenQty": 80,
	"DeliveredQty": "0",
	"UoM": "PCK",
	"Batch": "80423AA101",
	"___FK_a8633b753a46c2670fda76b1_00029": "7322857525",
	"___FK_a8633b753a46c2670fda76b1_00031": "5011200204387",
	"WithDifferences": 0,
	"LineItem": 30,
	"Delivery": "7322857525",
	"Status": "Open",
	"DUoM": "PCK",
	"Diff": "",
	"Reason": ""
}, {
	"ID": "732285752500040",
	"OpenQty": 90,
	"DeliveredQty": "0",
	"UoM": "PCK",
	"Batch": "80423AA101",
	"___FK_a8633b753a46c2670fda76b1_00029": "7322857525",
	"___FK_a8633b753a46c2670fda76b1_00031": "5011200208450",
	"WithDifferences": 0,
	"LineItem": 40,
	"Delivery": "7322857525",
	"Status": "Open",
	"DUoM": "PCK",
	"Diff": "",
	"Reason": ""
}, {
	"ID": "732285752500050",
	"OpenQty": 150,
	"DeliveredQty": "0",
	"UoM": "PCK",
	"Batch": "80423AA102",
	"___FK_a8633b753a46c2670fda76b1_00029": "7322857525",
	"___FK_a8633b753a46c2670fda76b1_00031": "5011200210116",
	"WithDifferences": 0,
	"LineItem": 50,
	"Delivery": "7322857525",
	"Status": "Open",
	"DUoM": "PCK",
	"Diff": "",
	"Reason": ""
}, {
	"ID": "732285752400010",
	"OpenQty": 10,
	"DeliveredQty": "0",
	"UoM": "PCK",
	"Batch": "80126200CV",
	"___FK_a8633b753a46c2670fda76b1_00029": "7322857524",
	"___FK_a8633b753a46c2670fda76b1_00031": "5011200230030",
	"WithDifferences": 0,
	"LineItem": 10,
	"Delivery": "7322857524",
	"Status": "Open",
	"DUoM": "PCK",
	"Diff": "",
	"Reason": ""
}, {
	"ID": "732285752400020",
	"OpenQty": 20,
	"DeliveredQty": "0",
	"UoM": "PCK",
	"Batch": "80423AA101",
	"___FK_a8633b753a46c2670fda76b1_00029": "7322857524",
	"___FK_a8633b753a46c2670fda76b1_00031": "5011200230084",
	"WithDifferences": 0,
	"LineItem": 20,
	"Delivery": "7322857524",
	"Status": "Open",
	"DUoM": "PCK",
	"Diff": "",
	"Reason": ""
}, {
	"ID": "732285752400030",
	"OpenQty": 10,
	"DeliveredQty": "0",
	"UoM": "PCK",
	"Batch": "80420AA101",
	"___FK_a8633b753a46c2670fda76b1_00029": "7322857524",
	"___FK_a8633b753a46c2670fda76b1_00031": "5011200230029",
	"WithDifferences": 0,
	"LineItem": 30,
	"Delivery": "7322857524",
	"Status": "Open",
	"DUoM": "PCK",
	"Diff": "",
	"Reason": ""
}, {
	"ID": "732285752400040",
	"OpenQty": 14,
	"DeliveredQty": "0",
	"UoM": "PCK",
	"Batch": "80423AA101",
	"___FK_a8633b753a46c2670fda76b1_00029": "7322857524",
	"___FK_a8633b753a46c2670fda76b1_00031": "5011200229930",
	"WithDifferences": 0,
	"LineItem": 40,
	"Delivery": "7322857524",
	"Status": "Open",
	"DUoM": "PCK",
	"Diff": "",
	"Reason": ""
}, {
	"ID": "732285752400050",
	"OpenQty": 8,
	"DeliveredQty": "0",
	"UoM": "PCK",
	"Batch": "80423AA101",
	"___FK_a8633b753a46c2670fda76b1_00029": "7322857524",
	"___FK_a8633b753a46c2670fda76b1_00031": "5011200204387",
	"WithDifferences": 0,
	"LineItem": 50,
	"Delivery": "7322857524",
	"Status": "Open",
	"DUoM": "PCK",
	"Diff": "",
	"Reason": ""
}, {
	"ID": "732285752400060",
	"OpenQty": 12,
	"DeliveredQty": "0",
	"UoM": "PCK",
	"Batch": "80423AA101",
	"___FK_a8633b753a46c2670fda76b1_00029": "7322857524",
	"___FK_a8633b753a46c2670fda76b1_00031": "5011200208122",
	"WithDifferences": 0,
	"LineItem": 60,
	"Delivery": "7322857524",
	"Status": "Open",
	"DUoM": "PCK",
	"Diff": "",
	"Reason": ""
}]