[{
	"ID": "7322857525",
	"Name": "PUREGOLD - HABAY(304)",
	"Status": "Open",
	"CreationDate": "05/11/2014",
	"___FK_a8633b753a46c2670fda76b1_00027": "136730",
	"NoLineItems": 5,
	"NoDifferences": 9867.31,
	"Differences": 7932.18,
	"Confirmed": true
}, {
	"ID": "7322857524",
	"Name": "VALUE CHAIN SOLUTIONS, INC.",
	"Status": "Open",
	"CreationDate": "05/11/2014",
	"___FK_a8633b753a46c2670fda76b1_00027": "140360",
	"NoLineItems": 6,
	"NoDifferences": 8938.12,
	"Differences": 3991.04,
	"Confirmed": false
}]