<edmx:Edmx Version="1.0" xmlns:edmx="http://schemas.microsoft.com/ado/2007/06/edmx"
	xmlns:m="http://schemas.microsoft.com/ado/2007/08/dataservices/metadata" xmlns:sap="http://www.sap.com/Protocols/SAPData">
	<edmx:DataServices m:DataServiceVersion="2.0">
		<Schema Namespace="50201def490582830fda7440" xml:lang="en" sap:schema-version="0000" xmlns="http://schemas.microsoft.com/ado/2008/09/edm">
			<EntityContainer Name="50201def490582830fda7440_Entities" m:IsDefaultEntityContainer="true">
				<EntitySet Name="CustomerSet" EntityType="50201def490582830fda7440.Customer" sap:creatable="true" sap:updatable="true" sap:deletable="true"/>
				<EntitySet Name="DeliveryOrderSet" EntityType="50201def490582830fda7440.DeliveryOrder" sap:creatable="true" sap:updatable="true"
					sap:deletable="true"/>
				<AssociationSet Name="DeliveryOrderCustomerCustomer" Association="50201def490582830fda7440.DeliveryOrderCustomerCustomer"
					sap:creatable="true" sap:updatable="true" sap:deletable="true">
					<End EntitySet="DeliveryOrderSet" Role="FromRole_DeliveryOrderCustomerCustomer"/>
					<End EntitySet="CustomerSet" Role="ToRole_DeliveryOrderCustomerCustomer"/>
				</AssociationSet>
				<AssociationSet Name="DeliveryOrderDeliveryOrderItemDeliveryOrderItem"
					Association="50201def490582830fda7440.DeliveryOrderDeliveryOrderItemDeliveryOrderItem" sap:creatable="true" sap:updatable="true"
					sap:deletable="true">
					<End EntitySet="DeliveryOrderSet" Role="FromRole_DeliveryOrderDeliveryOrderItemDeliveryOrderItem"/>
					<End EntitySet="DeliveryOrderItemSet" Role="ToRole_DeliveryOrderDeliveryOrderItemDeliveryOrderItem"/>
				</AssociationSet>
				<EntitySet Name="DeliveryOrderItemSet" EntityType="50201def490582830fda7440.DeliveryOrderItem" sap:creatable="true" sap:updatable="true"
					sap:deletable="true"/>
				<AssociationSet Name="DeliveryOrderItemProductProduct" Association="50201def490582830fda7440.DeliveryOrderItemProductProduct"
					sap:creatable="true" sap:updatable="true" sap:deletable="true">
					<End EntitySet="DeliveryOrderItemSet" Role="FromRole_DeliveryOrderItemProductProduct"/>
					<End EntitySet="ProductSet" Role="ToRole_DeliveryOrderItemProductProduct"/>
				</AssociationSet>
				<EntitySet Name="ProductSet" EntityType="50201def490582830fda7440.Product" sap:creatable="true" sap:updatable="true" sap:deletable="true"/>
			</EntityContainer>
			<EntityType Name="Customer">
				<Key>
					<PropertyRef Name="ID"/>
				</Key>
				<Property Name="ID" Type="Edm.String" sap:creatable="true" sap:updatable="true" sap:deletable="true" sap:label="ID"/>
				<Property Name="ContractReference" Type="Edm.String" sap:creatable="true" sap:updatable="true" sap:deletable="true"
					sap:label="ContractReference"/>
				<Property Name="CustomerName" Type="Edm.String" sap:creatable="true" sap:updatable="true" sap:deletable="true" sap:label="CustomerName"/>
				<Property Name="Industry" Type="Edm.String" sap:creatable="true" sap:updatable="true" sap:deletable="true" sap:label="Industry"/>
				<Property Name="Country" Type="Edm.String" sap:creatable="true" sap:updatable="true" sap:deletable="true" sap:label="Country"/>
				<Property Name="Address" Type="Edm.String" sap:creatable="true" sap:updatable="true" sap:deletable="true" sap:label="Address"/>
				<Property Name="FirstName" Type="Edm.String" sap:creatable="true" sap:updatable="true" sap:deletable="true" sap:label="FirstName"/>
				<Property Name="LastName" Type="Edm.String" sap:creatable="true" sap:updatable="true" sap:deletable="true" sap:label="LastName"/>
				<Property Name="Password" Type="Edm.String" sap:creatable="true" sap:updatable="true" sap:deletable="true" sap:label="Password"/>
			</EntityType>
			<EntityType Name="DeliveryOrder">
				<Key>
					<PropertyRef Name="ID"/>
				</Key>
				<Property Name="ID" Type="Edm.String" sap:creatable="true" sap:updatable="true" sap:deletable="true" sap:label="ID"/>
				<Property Name="Name" Type="Edm.String" sap:creatable="true" sap:updatable="true" sap:deletable="true" sap:label="Name"/>
				<Property Name="Status" Type="Edm.String" sap:creatable="true" sap:updatable="true" sap:deletable="true" sap:label="Status"/>
				<Property Name="CreationDate" Type="Edm.String" sap:creatable="true" sap:updatable="true" sap:deletable="true" sap:label="CreationDate"/>
				<Property Name="___FK_a8633b753a46c2670fda76b1_00027" Type="Edm.String" sap:creatable="true" sap:updatable="true" sap:deletable="true"
					sap:label="___FK_a8633b753a46c2670fda76b1_00027"/>
				<Property Name="NoLineItems" Type="Edm.Decimal" sap:creatable="true" sap:updatable="true" sap:deletable="true"
					sap:calculated="{&quot;calculation&quot;:&quot;[{\&quot;label\&quot;:\&quot;PROPERTY\&quot;,\&quot;name\&quot;:\&quot;property\&quot;,\&quot;entityId\&quot;:\&quot;DeliveryOrderItem\&quot;,\&quot;navPropId\&quot;:\&quot;DeliveryOrderItem\&quot;,\&quot;navPropOp\&quot;:\&quot;count\&quot;,\&quot;propertyId\&quot;:\&quot;ID\&quot;,\&quot;type\&quot;:\&quot;property\&quot;,\&quot;propertyType\&quot;:\&quot;String\&quot;,\&quot;isNewLine\&quot;:false,\&quot;id\&quot;:1,\&quot;computedType\&quot;:\&quot;number\&quot;,\&quot;navPropName\&quot;:\&quot;DeliveryOrderItem\&quot;,\&quot;entityName\&quot;:\&quot;DeliveryOrderItem\&quot;,\&quot;propertyName\&quot;:\&quot;ID\&quot;}]&quot;,&quot;inputProperties&quot;:[{&quot;_id&quot;:&quot;5b17b48fedb8eb31440df322&quot;,&quot;navPropId&quot;:&quot;DeliveryOrderItem&quot;,&quot;entityId&quot;:&quot;DeliveryOrderItem&quot;,&quot;propertyId&quot;:&quot;ID&quot;}]}"
					sap:label="NoLineItems"/>
				<Property Name="Differences" Type="Edm.Decimal" sap:creatable="true" sap:updatable="true" sap:deletable="true"
					sap:calculated="{&quot;calculation&quot;:&quot;[{\&quot;label\&quot;:\&quot;PROPERTY\&quot;,\&quot;name\&quot;:\&quot;property\&quot;,\&quot;entityId\&quot;:\&quot;DeliveryOrderItem\&quot;,\&quot;navPropId\&quot;:\&quot;DeliveryOrderItem\&quot;,\&quot;navPropOp\&quot;:\&quot;sum\&quot;,\&quot;propertyId\&quot;:\&quot;WithDifferences\&quot;,\&quot;type\&quot;:\&quot;property\&quot;,\&quot;propertyType\&quot;:\&quot;Int16\&quot;,\&quot;isNewLine\&quot;:false,\&quot;id\&quot;:1,\&quot;computedType\&quot;:\&quot;number\&quot;,\&quot;navPropName\&quot;:\&quot;DeliveryOrderItem\&quot;,\&quot;entityName\&quot;:\&quot;DeliveryOrderItem\&quot;,\&quot;propertyName\&quot;:\&quot;WithDifferences\&quot;}]&quot;,&quot;inputProperties&quot;:[{&quot;propertyId&quot;:&quot;WithDifferences&quot;,&quot;entityId&quot;:&quot;DeliveryOrderItem&quot;,&quot;navPropId&quot;:&quot;DeliveryOrderItem&quot;,&quot;_id&quot;:&quot;5b17b61ccd5ed31c569f6803&quot;}]}"
					sap:label="Differences"/>
				<Property Name="NoDifferences" Type="Edm.Decimal" sap:creatable="true" sap:updatable="true" sap:deletable="true"
					sap:calculated="{&quot;calculation&quot;:&quot;[{\&quot;label\&quot;:\&quot;+\&quot;,\&quot;name\&quot;:\&quot;plus\&quot;,\&quot;type\&quot;:\&quot;operator\&quot;,\&quot;left\&quot;:[{\&quot;label\&quot;:\&quot;PROPERTY\&quot;,\&quot;name\&quot;:\&quot;property\&quot;,\&quot;entityId\&quot;:\&quot;DeliveryOrder\&quot;,\&quot;navPropId\&quot;:\&quot;\&quot;,\&quot;navPropOp\&quot;:null,\&quot;propertyId\&quot;:\&quot;NoLineItems\&quot;,\&quot;type\&quot;:\&quot;property\&quot;,\&quot;propertyType\&quot;:\&quot;Decimal\&quot;,\&quot;isNewLine\&quot;:false,\&quot;id\&quot;:2,\&quot;computedType\&quot;:\&quot;number\&quot;,\&quot;entityName\&quot;:\&quot;DeliveryOrder\&quot;,\&quot;propertyName\&quot;:\&quot;NoLineItems\&quot;}],\&quot;right\&quot;:[{\&quot;label\&quot;:\&quot;PROPERTY\&quot;,\&quot;name\&quot;:\&quot;property\&quot;,\&quot;entityId\&quot;:\&quot;DeliveryOrder\&quot;,\&quot;navPropId\&quot;:\&quot;\&quot;,\&quot;navPropOp\&quot;:null,\&quot;propertyId\&quot;:\&quot;Differences\&quot;,\&quot;type\&quot;:\&quot;property\&quot;,\&quot;propertyType\&quot;:\&quot;Decimal\&quot;,\&quot;isNewLine\&quot;:false,\&quot;id\&quot;:3,\&quot;computedType\&quot;:\&quot;number\&quot;,\&quot;entityName\&quot;:\&quot;DeliveryOrder\&quot;,\&quot;propertyName\&quot;:\&quot;Differences\&quot;}],\&quot;displayLabel\&quot;:\&quot;+\&quot;,\&quot;isNewLine\&quot;:false,\&quot;id\&quot;:1,\&quot;computedType\&quot;:\&quot;number\&quot;}]&quot;,&quot;inputProperties&quot;:[{&quot;_id&quot;:&quot;5b17b5c279fbb3333c626fbe&quot;,&quot;navPropId&quot;:&quot;&quot;,&quot;entityId&quot;:&quot;DeliveryOrder&quot;,&quot;propertyId&quot;:&quot;NoLineItems&quot;},{&quot;_id&quot;:&quot;5b17b5c279fbb3333c626fbd&quot;,&quot;navPropId&quot;:&quot;&quot;,&quot;entityId&quot;:&quot;DeliveryOrder&quot;,&quot;propertyId&quot;:&quot;Differences&quot;}]}"
					sap:label="NoDifferences"/>
				<Property Name="Confirmed" Type="Edm.Boolean" sap:creatable="true" sap:updatable="true" sap:deletable="true" sap:label="Confirmed"/>
				<NavigationProperty Name="Customer" Relationship="50201def490582830fda7440.DeliveryOrderCustomerCustomer"
					FromRole="FromRole_DeliveryOrderCustomerCustomer" ToRole="ToRole_DeliveryOrderCustomerCustomer"/>
				<NavigationProperty Name="DeliveryOrderItem" Relationship="50201def490582830fda7440.DeliveryOrderDeliveryOrderItemDeliveryOrderItem"
					FromRole="FromRole_DeliveryOrderDeliveryOrderItemDeliveryOrderItem" ToRole="ToRole_DeliveryOrderDeliveryOrderItemDeliveryOrderItem"/>
			</EntityType>
			<Association Name="DeliveryOrderCustomerCustomer">
				<End Type="50201def490582830fda7440.DeliveryOrder" Multiplicity="1" Role="FromRole_DeliveryOrderCustomerCustomer"/>
				<End Type="50201def490582830fda7440.Customer" Multiplicity="1" Role="ToRole_DeliveryOrderCustomerCustomer"/>
				<ReferentialConstraint>
					<Principal Role="ToRole_DeliveryOrderCustomerCustomer">
						<PropertyRef Name="ID"/>
					</Principal>
					<Dependent Role="FromRole_DeliveryOrderCustomerCustomer">
						<PropertyRef Name="___FK_a8633b753a46c2670fda76b1_00027"/>
					</Dependent>
				</ReferentialConstraint>
			</Association>
			<Association Name="DeliveryOrderDeliveryOrderItemDeliveryOrderItem">
				<End Type="50201def490582830fda7440.DeliveryOrder" Multiplicity="1" Role="FromRole_DeliveryOrderDeliveryOrderItemDeliveryOrderItem"/>
				<End Type="50201def490582830fda7440.DeliveryOrderItem" Multiplicity="*" Role="ToRole_DeliveryOrderDeliveryOrderItemDeliveryOrderItem"/>
				<ReferentialConstraint>
					<Principal Role="FromRole_DeliveryOrderDeliveryOrderItemDeliveryOrderItem">
						<PropertyRef Name="ID"/>
					</Principal>
					<Dependent Role="ToRole_DeliveryOrderDeliveryOrderItemDeliveryOrderItem">
						<PropertyRef Name="___FK_a8633b753a46c2670fda76b1_00029"/>
					</Dependent>
				</ReferentialConstraint>
			</Association>
			<EntityType Name="DeliveryOrderItem">
				<Key>
					<PropertyRef Name="ID"/>
				</Key>
				<Property Name="ID" Type="Edm.String" sap:creatable="true" sap:updatable="true" sap:deletable="true" sap:label="ID"/>
				<Property Name="OpenQty" Type="Edm.Decimal" sap:creatable="true" sap:updatable="true" sap:deletable="true" sap:label="OpenQty"/>
				<Property Name="DeliveredQty" Type="Edm.String" sap:creatable="true" sap:updatable="true" sap:deletable="true" sap:label="DeliveredQty"/>
				<Property Name="UoM" Type="Edm.String" sap:creatable="true" sap:updatable="true" sap:deletable="true" sap:label="UoM"/>
				<Property Name="Batch" Type="Edm.String" sap:creatable="true" sap:updatable="true" sap:deletable="true" sap:label="Batch"/>
				<Property Name="___FK_a8633b753a46c2670fda76b1_00029" Type="Edm.String" sap:creatable="true" sap:updatable="true" sap:deletable="true"
					sap:label="___FK_a8633b753a46c2670fda76b1_00029"/>
				<Property Name="___FK_a8633b753a46c2670fda76b1_00031" Type="Edm.String" sap:creatable="true" sap:updatable="true" sap:deletable="true"
					sap:label="___FK_a8633b753a46c2670fda76b1_00031"/>
				<Property Name="WithDifferences" Type="Edm.Decimal" sap:creatable="true" sap:updatable="true" sap:deletable="true"
					sap:label="WithDifferences"/>
				<Property Name="LineItem" Type="Edm.Decimal" sap:creatable="true" sap:updatable="true" sap:deletable="true" sap:label="LineItem"/>
				<Property Name="Delivery" Type="Edm.String" sap:creatable="true" sap:updatable="true" sap:deletable="true" sap:label="Delivery"/>
				<Property Name="Status" Type="Edm.String" sap:creatable="true" sap:updatable="true" sap:deletable="true" sap:label="Status"/>
				<Property Name="DUoM" Type="Edm.String" sap:creatable="true" sap:updatable="true" sap:deletable="true" sap:label="CUoM"/>
				<Property Name="Diff" Type="Edm.String" sap:creatable="true" sap:updatable="true" sap:deletable="true"
					sap:calculated="{&quot;calculation&quot;:&quot;[{\&quot;label\&quot;:\&quot;IF\&quot;,\&quot;name\&quot;:\&quot;if\&quot;,\&quot;type\&quot;:\&quot;condition\&quot;,\&quot;condition\&quot;:[{\&quot;label\&quot;:\&quot;=\&quot;,\&quot;name\&quot;:\&quot;equals\&quot;,\&quot;type\&quot;:\&quot;operator\&quot;,\&quot;left\&quot;:[{\&quot;label\&quot;:\&quot;PROPERTY\&quot;,\&quot;name\&quot;:\&quot;property\&quot;,\&quot;entityId\&quot;:\&quot;DeliveryOrderItem\&quot;,\&quot;navPropId\&quot;:\&quot;\&quot;,\&quot;navPropOp\&quot;:null,\&quot;propertyId\&quot;:\&quot;DeliveredQty\&quot;,\&quot;type\&quot;:\&quot;property\&quot;,\&quot;propertyType\&quot;:\&quot;String\&quot;,\&quot;isNewLine\&quot;:false,\&quot;id\&quot;:3,\&quot;computedType\&quot;:\&quot;string\&quot;,\&quot;entityName\&quot;:\&quot;DeliveryOrderItem\&quot;,\&quot;propertyName\&quot;:\&quot;DeliveredQty\&quot;}],\&quot;right\&quot;:[{\&quot;label\&quot;:\&quot;VALUE\&quot;,\&quot;name\&quot;:\&quot;value\&quot;,\&quot;type\&quot;:\&quot;value\&quot;,\&quot;value\&quot;:\&quot;0\&quot;,\&quot;isNewLine\&quot;:true,\&quot;id\&quot;:4,\&quot;computedType\&quot;:\&quot;string\&quot;}],\&quot;displayLabel\&quot;:\&quot;=\&quot;,\&quot;isNewLine\&quot;:false,\&quot;id\&quot;:2,\&quot;computedType\&quot;:\&quot;boolean\&quot;}],\&quot;then\&quot;:[{\&quot;label\&quot;:\&quot;VALUE\&quot;,\&quot;name\&quot;:\&quot;value\&quot;,\&quot;type\&quot;:\&quot;value\&quot;,\&quot;value\&quot;:\&quot;Success\&quot;,\&quot;isNewLine\&quot;:false,\&quot;id\&quot;:5,\&quot;computedType\&quot;:\&quot;string\&quot;}],\&quot;else\&quot;:[{\&quot;label\&quot;:\&quot;VALUE\&quot;,\&quot;name\&quot;:\&quot;value\&quot;,\&quot;type\&quot;:\&quot;value\&quot;,\&quot;value\&quot;:\&quot;Error\&quot;,\&quot;isNewLine\&quot;:false,\&quot;id\&quot;:6,\&quot;computedType\&quot;:\&quot;string\&quot;}],\&quot;isNewLine\&quot;:false,\&quot;id\&quot;:1,\&quot;computedType\&quot;:\&quot;string\&quot;}]&quot;,&quot;inputProperties&quot;:[{&quot;_id&quot;:&quot;5b18fd10cd5ed31c56a0b7bc&quot;,&quot;navPropId&quot;:&quot;&quot;,&quot;entityId&quot;:&quot;DeliveryOrderItem&quot;,&quot;propertyId&quot;:&quot;DeliveredQty&quot;}]}"
					sap:label="Diff"/>
				<Property Name="Reason" Type="Edm.String" sap:creatable="true" sap:updatable="true" sap:deletable="true" sap:label="Reason"/>
				<NavigationProperty Name="Product" Relationship="50201def490582830fda7440.DeliveryOrderItemProductProduct"
					FromRole="FromRole_DeliveryOrderItemProductProduct" ToRole="ToRole_DeliveryOrderItemProductProduct"/>
			</EntityType>
			<Association Name="DeliveryOrderItemProductProduct">
				<End Type="50201def490582830fda7440.DeliveryOrderItem" Multiplicity="1" Role="FromRole_DeliveryOrderItemProductProduct"/>
				<End Type="50201def490582830fda7440.Product" Multiplicity="1" Role="ToRole_DeliveryOrderItemProductProduct"/>
				<ReferentialConstraint>
					<Principal Role="ToRole_DeliveryOrderItemProductProduct">
						<PropertyRef Name="ID"/>
					</Principal>
					<Dependent Role="FromRole_DeliveryOrderItemProductProduct">
						<PropertyRef Name="___FK_a8633b753a46c2670fda76b1_00031"/>
					</Dependent>
				</ReferentialConstraint>
			</Association>
			<EntityType Name="Product">
				<Key>
					<PropertyRef Name="ID"/>
				</Key>
				<Property Name="ID" Type="Edm.String" sap:creatable="true" sap:updatable="true" sap:deletable="true" sap:label="ID"/>
				<Property Name="SKU" Type="Edm.String" sap:creatable="true" sap:updatable="true" sap:deletable="true" sap:label="SKU"/>
				<Property Name="Description" Type="Edm.String" sap:creatable="true" sap:updatable="true" sap:deletable="true" sap:label="Description"/>
				<Property Name="UnitPrice" Type="Edm.Decimal" sap:creatable="true" sap:updatable="true" sap:deletable="true" sap:label="UnitPrice"/>
				<Property Name="Currency" Type="Edm.String" sap:creatable="true" sap:updatable="true" sap:deletable="true" sap:label="Currency"/>
				<Property Name="SKU_Desc" Type="Edm.String" sap:creatable="true" sap:updatable="true" sap:deletable="true" sap:label="SKU_Desc"/>
			</EntityType>
		</Schema>
	</edmx:DataServices>
</edmx:Edmx>