[{
	"ID": "5011200208420",
	"SKU": "BRANDED",
	"Description": "TJ CHEESEDOG 230G",
	"UnitPrice": 1,
	"Currency": "PHP",
	"SKU_Desc": "5011200208420-TJ CHEESEDOG 230G"
}, {
	"ID": "5011200208360",
	"SKU": "BRANDED",
	"Description": "BEEFIES LOTS-A-CHEESE JUMBO 1KG - PE BAG",
	"UnitPrice": 2,
	"Currency": "PHP",
	"SKU_Desc": "5011200208360-BEEFIES LOTS-A-CHEESE JUMBO 1KG - PE BAG"
}, {
	"ID": "5011200204387",
	"SKU": "BRANDED",
	"Description": "VIDA BACON 250G",
	"UnitPrice": 3,
	"Currency": "PHP",
	"SKU_Desc": "5011200204387-VIDA BACON 250G"
}, {
	"ID": "5011200208450",
	"SKU": "BRANDED",
	"Description": "TJ CHEESEDOG 1KG - PE BAG",
	"UnitPrice": 4,
	"Currency": "PHP",
	"SKU_Desc": "5011200208450-TJ CHEESEDOG 1KG - PE BAG"
}, {
	"ID": "5011200210116",
	"SKU": "BRANDED",
	"Description": "FRIED CHICKEN 5 PC ASSORTED PARTS 500 G",
	"UnitPrice": 5,
	"Currency": "PHP",
	"SKU_Desc": "5011200210116-FRIED CHICKEN 5 PC ASSORTED PARTS 500 G"
}, {
	"ID": "5011200230030",
	"SKU": "BRANDED",
	"Description": "TJ CLASSIC 1KG - VACUUM",
	"UnitPrice": 1,
	"Currency": "PHP",
	"SKU_Desc": "5011200230030-TJ CLASSIC 1KG - VACUUM"
}, {
	"ID": "5011200230084",
	"SKU": "BRANDED",
	"Description": "TJ JUMBO 250G X 5S VACUUM",
	"UnitPrice": 1,
	"Currency": "PHP",
	"SKU_Desc": "5011200230084-TJ JUMBO 250G X 5S VACUUM"
}, {
	"ID": "5011200230029",
	"SKU": "BRANDED",
	"Description": "TJ CLASSIC 1KG - PE BAG",
	"UnitPrice": 1,
	"Currency": "PHP",
	"SKU_Desc": "5011200230029-TJ CLASSIC 1KG - PE BAG"
}, {
	"ID": "5011200229930",
	"SKU": "BRANDED",
	"Description": "BEEFIES JUMBO HD 1KG",
	"UnitPrice": 1,
	"Currency": "PHP",
	"SKU_Desc": "5011200229930-BEEFIES JUMBO HD 1KG"
}, {
	"ID": "5011200208122",
	"SKU": "BRANDED",
	"Description": "BACON, HONEYCURED, 400G.",
	"UnitPrice": 1,
	"Currency": "PHP",
	"SKU_Desc": "5011200208122-BACON, HONEYCURED, 400G."
}]